Designator,Description,Quantity,Footprint,Comment
,,,,
C1,4.7uF 25V X5R 0603,1,CC0603SM,C-0603-022
"C2, C3, C4, C9",1uF 25V X7R 0603,4,CC0603SM,UMK107AB7105KA-T
"C5, C6, C7, C8",1uF 100V X7S 0805 TDK,4,CC0805,CGA4J3X7S2A105K125AE
"C10, C20",10nF 100V C0G 0603 TDK,2,CC0603SM,C1608C0G2A103J080AC
"C11, C12, C13, C14, C15",220pF 100V C0G 0402 TDK,5,CC0402sm,C1005C0G2A221J050BA
"C16, C17, C21, C22, C23, C27",100nF 25V X7R 0402,6,CC0402sm,C1005X7R1E104K050BB
C18,5pF 50V C0G 0402,1,CC0402sm,C1005C0G1H050C050BA
C24,100nF 16V X7R 0306,1,LICC0306 WIDE,C0816X7R1C104M050AC
"C25, C26",100nF 25V X7R 0402,2,CC0603SM,GCM1885C1H100JA16D
"D1, D2",Schottky 100V 200mA,2,SOD-523,BAT41KFILM
D3,Laser diode 30W peak 905nm,1,SPL PL90 T1-3/4 large hole  ss reduced,EMPTY
"FB1, FB2, FB3, FB4, FB5, FB6",330ohm 700mA ferrite bead TDK 0402,6,FC0402,MPZ1005S331ET000
"FD1, FD2, FD3",PCB Fiducial,3,Fiducial_Sml,Round .040
"HOLE1, HOLE2, HOLE3, HOLE4","4-40 mounting hole, loose fit, no washer",4,MNT 4-40 loose pan,Apr-40
"J1, J2",Terminal Block Screw Type THT 2-Position 3.81mm pitch,2,2P_PCB_ScrewTerm_90S_3.81MM,1776113-2
"J3, J5, J6, J7, J9, J10",SMA jack straight SM,6,SMA_SMT_ST,732511350
J4,".1 Male Vert.""",1,SIP3.1,68001-236HLF
J8,".1 Male Vert.""",1,SIP2.1,EMPTY
Q1,100V 25A 7mE,1,EPC2x40L,EPC2001
"R1, R32, R33",Size 0402,3,RC0402,ERJ-2GE0R00X
"R2, R3, R5, R6","3.9k, 5%, 0.67W 1206 resistor",4,RESC3216X70N,ERJ-P08J392V
"R4, R7, R25",1k resistor 0603 1%,3,CC0603,RMCF0603FT1K00
"R8, R21",Vishay PHP 0603 wide resistor,2,RCP0603W,PHP00603E1001BST1
"R9, R10, R26, R27",Size 0402,4,RC0402,ERJ-2RKF1000X
R11,Size 0402,1,RC0402,ERJ-2RKF49R9X
"R12, R13, R14, R15, R16",Size 0402,5,RC0402sm,RL0510S-R22-F
R17,Size 0402,1,RC0402,ERJ-2RKF10R0X
"R18, R19",100 ohm 0603,2,CC0603,MCT0603MC1000FP500
"R22, R23, R24",620 resistor 0603 1%,3,CC0603,RMCF0603FT620R
R28,Size 0402,1,RC0402,EMPTY
"R29, R30",Size 0201,2,RC0201,RC0603J000CS
"R31, R34",Size 0402,2,RC0402,ERJ-2RKF9530X
"TP1, TP2, TP3, TP4, TP5, TP6",SMD probe loop,6,5015,5015
U1,5V 250mA DFN,1,DFN 2X3MM,MCP1703T-5002E/MC
U2,Dual 4.5 ns comparator RRO,1,SOT23-6,LT1719CS6
U3,Dual 4.5 ns comparator RRO,1,DFN8 3x3 0.5P LT,LT1720IDD
U4,TinyLogic UHS 2 input AND,1,SOT886 Micropak XSON6,NC7SZ08L6X
U5,eGaN Gate Driver with LDO,1,WSON-N6,UCC27611DRVT
